a,1,3,There was,man named Onund who was
a,1,65,Rogaland and Hordaland He was,great viking and went harrying
a,1,124,to Barra they found there,king called Kiarval and he
a,1,139,They gave him battle and,hard fray there was The
a,2,114,that battle though he had,kingdom in Hordaland Now that
a,2,399,the king's folk said Lo,forward man in the forecastle
a,2,431,over the bulwark and dealt,blow at a man and
a,2,434,and dealt a blow at,man and even therewith a
a,2,439,a man and even therewith,spear was aimed at him
a,2,591,was healed but went with,wooden leg all his life
abode,1,185,ships and much wealth and,there through the winter For
about,1,59,of his father dwelt chiefly,Rogaland and Hordaland He was
about,2,271,the ship of Thorir Longchin,the midst of the fleet
after,2,543,of Onund's ship But now,these things the more part
after,2,597,wooden leg all his life,therefore as long as he
against,2,75,swarms of folk came thronging,him and their captains were
against,2,529,he was in the fight,King Harald and lay on
aimed,2,442,even therewith a spear was,at him and as he
all,1,105,them They had five ships,well manned and therewith they
all,2,61,and wheresoever he came laid,under him but when he
all,2,245,and thereto came folk from,the land and many from
all,2,347,very stoutly and fell in,hardihood on board his ship
all,2,594,went with a wooden leg,his life after therefore as
alongside,2,262,Now Onund laid his ship,one board of the ship
alongside,2,381,king's men laid their ship,Onund's and he was in
an,1,43,Olaf the Saint Onund was,Uplander by the kin of
an,2,315,cried on his bearserks for,onslaught and they were called
and,1,61,father dwelt chiefly about Rogaland,Hordaland He was a great
and,1,68,He was a great viking,went harrying west over the
and,1,86,Blaeng was with him herein,Orm the Wealthy withal and
and,1,91,and Orm the Wealthy withal,Hallvard was the name of
and,1,108,five ships all well manned,therewith they harried in the
and,1,115,they harried in the South-isles,when they came to Barra
and,1,128,there a king called Kiarval,he too had five ships
and,1,138,ships They gave him battle,a hard fray there was
and,1,152,Onund were of the eagerest,on either side many fell
and,1,181,of Onund took both ships,much wealth and abode there
and,1,184,both ships and much wealth,abode there through the winter
and,1,197,summers they harried throughout Ireland,Scotland and thereafter went to
and,1,199,harried throughout Ireland and Scotland,thereafter went to Norway 
and,2,39,went north through the land,had many battles there and
and,2,44,and had many battles there,ever won the day Thereafter
and,2,56,harried south in the land,wheresoever he came laid all
and,2,77,folk came thronging against him,their captains were Kiotvi the
and,2,84,captains were Kiotvi the Wealthy,Thorir Longchin and those of
and,2,87,the Wealthy and Thorir Longchin,those of South Rogaland and
and,2,92,and those of South Rogaland,King Sulki Geirmund Helskin was
and,2,122,Hordaland Now that autumn Onund,his fellows came from the
and,2,132,the west over the Sea,when Thorir Longchin and King
and,2,136,Sea and when Thorir Longchin,King Kiotvi heard thereof they
and,2,147,sent men to meet them,prayed them for help and
and,2,152,and prayed them for help,promised them honours Then they
and,2,163,entered into fellowship with Thorir,his men for they were
and,2,175,fain to try their strength,said that there would they
and,2,204,firth which is called Hafrsfirth,both sides had many men
and,2,222,ever been fought in Norway,hereof most Sagas tell for
and,2,240,whom the Sagas are made,thereto came folk from all
and,2,248,folk from all the land,many from other lands and
and,2,253,and many from other lands,swarms of vikings Now Onund
and,2,292,Thorir was the greatest bearserk,the stoutest of men so
and,2,317,his bearserks for an onslaught,they were called the Wolf-coats
and,2,330,them would no steel bite,when they set on nought
and,2,344,Thorir defended him very stoutly,fell in all hardihood on
and,2,361,cleared from stem to stern,cut from the grapplings and
and,2,366,and cut from the grapplings,let drift astern betwixt the
and,2,383,laid their ship alongside Onund's,he was in the forepart
and,2,390,was in the forepart thereof,fought manly then the king's
and,2,429,foot out over the bulwark,dealt a blow at a
and,2,436,a blow at a man,even therewith a spear was
and,2,445,spear was aimed at him,as he put the blow
and,2,457,him he bent backward withal,one of the king's forecastle
and,2,467,forecastle men smote at him,the stroke took his leg
and,2,476,his leg below the knee,sheared it off and forthwith
and,2,480,knee and sheared it off,forthwith made him unmeet for
and,2,518,was the son of Biorn,brother of Eyvind the Eastman
and,2,532,the fight against King Harald,lay on the other board
and,2,556,fleet scattered in flight Thrand,his men with the other
and,2,570,away each as he might,sailed west over the Sea
and,2,580,Sea Onund went with him,Balk and Hallvard Sweeping Onund
and,2,582,went with him and Balk,Hallvard Sweeping Onund was healed
are,2,238,told of whom the Sagas,made and thereto came folk
as,2,446,was aimed at him and,he put the blow from
as,2,567,vikings got them away each,he might and sailed west
as,2,599,all his life after therefore,long as he lived was
as,2,601,life after therefore as long,he lived was he called
Asta,1,33,Gudbrand Ball the father of,the mother of King Olaf
astern,2,369,the grapplings and let drift,betwixt the other ships Thereafter
at,2,433,bulwark and dealt a blow,a man and even therewith
at,2,443,therewith a spear was aimed,him and as he put
at,2,465,the king's forecastle men smote,him and the stroke took
autumn,2,120,kingdom in Hordaland Now that,Onund and his fellows came
away,2,565,the other vikings got them,each as he might and
backward,2,455,blow from him he bent,withal and one of the
Balk,1,75,harrying west over the Sea,of Sotanes the son of
Balk,2,581,Onund went with him and,and Hallvard Sweeping Onund was
Ball,1,29,Gudbiorg the mother of Gudbrand,the father of Asta the
Barra,1,120,and when they came to,they found there a king
battle,1,137,five ships They gave him,and a hard fray there
battle,2,110,nor was he in that,though he had a kingdom
battle,2,214,men This was the greatest,that has ever been fought
battle,2,419,that he was in this,Now Onund put one foot
battles,2,42,the land and had many,there and ever won the
be,2,181,said that there would they,whereas the fight was hottest
bearserk,2,291,because Thorir was the greatest,and the stoutest of men
bearserks,2,313,the king cried on his,for an onslaught and they
because,2,286,his on the other board,Thorir was the greatest bearserk
been,2,218,greatest battle that has ever,fought in Norway and hereof
Before,2,24,pushing forth for the kingdom,that he was King of
below,2,473,the stroke took his leg,the knee and sheared it
bent,2,454,the blow from him he,backward withal and one of
betwixt,2,370,grapplings and let drift astern,the other ships Thereafter the
Biorn,2,517,he was the son of,and brother of Eyvind the
bite,2,329,on them would no steel,and when they set on
Black,2,17,Unshorn son of Halfdan the,was pushing forth for the
Blaeng,1,81,of Sotanes the son of,was with him herein and
blow,2,432,the bulwark and dealt a,at a man and even
blow,2,450,and as he put the,from him he bent backward
board,2,264,laid his ship alongside one,of the ship of Thorir
board,2,285,laid his on the other,because Thorir was the greatest
board,2,350,fell in all hardihood on,his ship then was it
board,2,496,part of the folk on,his ship but Onund was
board,2,537,and lay on the other,of Onund's ship But now
both,1,179,the men of Onund took,ships and much wealth and
both,2,205,which is called Hafrsfirth and,sides had many men This
brother,1,22,Ivar the Smiter Onund was,of Gudbiorg the mother of
brother,2,519,the son of Biorn and,of Eyvind the Eastman he
brought,2,502,his ship but Onund was,to the ship of him
bulwark,2,428,one foot out over the,and dealt a blow at
but,1,51,the kin of his mother,the kin of his father
but,1,158,on either side many fell,the end of it was
but,2,64,came laid all under him,when he came to Hordaland
but,2,277,the midst of the fleet,King Harald laid his on
but,2,499,folk on board his ship,Onund was brought to the
but,2,588,Hallvard Sweeping Onund was healed,went with a wooden leg
But,2,541,other board of Onund's ship,now after these things the
by,1,45,Saint Onund was an Uplander,the kin of his mother
called,1,126,they found there a king,Kiarval and he too had
called,2,202,in that firth which is,Hafrsfirth and both sides had
called,2,320,an onslaught and they were,the Wolf-coats for on them
called,2,510,ship of him who is,Thrand he was the son
called,2,606,as he lived was he,Onund Treefoot 
came,1,118,the South-isles and when they,to Barra they found there
came,2,59,the land and wheresoever he,laid all under him but
came,2,67,under him but when he,to Hordaland swarms of folk
came,2,73,to Hordaland swarms of folk,thronging against him and their
came,2,125,autumn Onund and his fellows,from the west over the
came,2,242,Sagas are made and thereto,folk from all the land
captains,2,79,thronging against him and their,were Kiotvi the Wealthy and
chiefly,1,58,kin of his father dwelt,about Rogaland and Hordaland He
cleared,2,356,his ship then was it,from stem to stern and
Clubfoot,1,13,was the son of Ufeigh,the son of Ivar the
cried,2,310,either side Then the king,on his bearserks for an
cut,2,362,from stem to stern and,from the grapplings and let
day,2,48,there and ever won the,Thereafter he harried south in
days,2,3,In those,were there great troubles in
dealt,2,430,out over the bulwark and,a blow at a man
defended,2,340,nought might withstand them Thorir,him very stoutly and fell
drift,2,368,from the grapplings and let,astern betwixt the other ships
dwelt,1,57,the kin of his father,chiefly about Rogaland and Hordaland
each,2,566,other vikings got them away,as he might and sailed
eagerest,1,151,of Onund were of the,and on either side many
Eastman,2,523,and brother of Eyvind the,he was in the fight
either,1,154,of the eagerest and on,side many fell but the
either,2,305,was of the fiercest on,side Then the king cried
end,1,160,side many fell but the,of it was that the
entered,2,158,promised them honours Then they,into fellowship with Thorir and
even,2,437,blow at a man and,therewith a spear was aimed
ever,2,45,had many battles there and,won the day Thereafter he
ever,2,217,the greatest battle that has,been fought in Norway and
ever,2,231,tell for of those is,most told of whom the
exceeding,2,169,his men for they were,fain to try their strength
Eyvind,2,521,of Biorn and brother of,the Eastman he was in
fain,2,170,men for they were exceeding,to try their strength and
father,1,31,mother of Gudbrand Ball the,of Asta the mother of
father,1,56,but the kin of his,dwelt chiefly about Rogaland and
fell,1,157,and on either side many,but the end of it
fell,2,345,defended him very stoutly and,in all hardihood on board
fell,2,488,him unmeet for fight Then,the more part of the
fellows,2,124,that autumn Onund and his,came from the west over
fellowship,2,160,honours Then they entered into,with Thorir and his men
fiercest,2,303,the fight was of the,on either side Then the
fight,2,184,would they be whereas the,was hottest Now was the
fight,2,299,stoutest of men so the,was of the fiercest on
fight,2,486,forthwith made him unmeet for,Then fell the more part
fight,2,528,Eastman he was in the,against King Harald and lay
firth,2,199,King in Rogaland in that,which is called Hafrsfirth and
five,1,103,third of them They had,ships all well manned and
five,1,132,Kiarval and he too had,ships They gave him battle
fled,1,167,it was that the king,with only one ship So
fleet,2,276,about the midst of the,but King Harald laid his
fleet,2,551,the more part of the,scattered in flight Thrand and
flight,2,554,of the fleet scattered in,Thrand and his men with
folk,2,72,came to Hordaland swarms of,came thronging against him and
folk,2,243,are made and thereto came,from all the land and
folk,2,396,fought manly then the king's,said Lo a forward man
folk,2,494,the more part of the,on board his ship but
foot,2,424,battle Now Onund put one,out over the bulwark and
for,2,21,the Black was pushing forth,the kingdom Before that he
for,2,150,meet them and prayed them,help and promised them honours
for,2,166,with Thorir and his men,they were exceeding fain to
for,2,227,and hereof most Sagas tell,of those is ever most
for,2,314,king cried on his bearserks,an onslaught and they were
for,2,323,they were called the Wolf-coats,on them would no steel
for,2,485,and forthwith made him unmeet,fight Then fell the more
For,1,190,abode there through the winter,three summers they harried throughout
forecastle,2,404,a forward man in the,there let him have somewhat
forecastle,2,462,and one of the king's,men smote at him and
forepart,2,388,and he was in the,thereof and fought manly then
forth,2,20,Halfdan the Black was pushing,for the kingdom Before that
forthwith,2,481,and sheared it off and,made him unmeet for fight
forward,2,400,king's folk said Lo a,man in the forecastle there
fought,2,219,battle that has ever been,in Norway and hereof most
fought,2,391,in the forepart thereof and,manly then the king's folk
found,1,122,they came to Barra they,there a king called Kiarval
fray,1,141,him battle and a hard,there was The men of
from,2,126,Onund and his fellows came,the west over the Sea
from,2,244,made and thereto came folk,all the land and many
from,2,250,all the land and many,other lands and swarms of
from,2,357,ship then was it cleared,stem to stern and cut
from,2,363,stem to stern and cut,the grapplings and let drift
from,2,451,as he put the blow,him he bent backward withal
gave,1,135,too had five ships They,him battle and a hard
Geirmund,2,95,South Rogaland and King Sulki,Helskin was then in the
got,2,563,men with the other vikings,them away each as he
grapplings,2,365,stern and cut from the,and let drift astern betwixt
great,1,66,and Hordaland He was a,viking and went harrying west
great,2,6,In those days were there,troubles in Norway Harald the
greatest,2,213,many men This was the,battle that has ever been
greatest,2,290,board because Thorir was the,bearserk and the stoutest of
Gudbiorg,1,24,Smiter Onund was brother of,the mother of Gudbrand Ball
Gudbrand,1,28,of Gudbiorg the mother of,Ball the father of Asta
had,1,102,the third of them They,five ships all well manned
had,1,131,called Kiarval and he too,five ships They gave him
had,2,40,north through the land and,many battles there and ever
had,2,113,in that battle though he,a kingdom in Hordaland Now
had,2,207,called Hafrsfirth and both sides,many men This was the
Hafrsfirth,2,203,that firth which is called,and both sides had many
Halfdan,2,15,Harald the Unshorn son of,the Black was pushing forth
Hallvard,1,92,Orm the Wealthy withal and,was the name of the
Hallvard,2,583,with him and Balk and,Sweeping Onund was healed but
Harald,2,10,there great troubles in Norway,the Unshorn son of Halfdan
Harald,2,192,Now was the meeting with,the King in Rogaland in
Harald,2,279,of the fleet but King,laid his on the other
Harald,2,531,in the fight against King,and lay on the other
hard,1,140,gave him battle and a,fray there was The men
hardihood,2,348,stoutly and fell in all,on board his ship then
harried,1,111,well manned and therewith they,in the South-isles and when
harried,1,194,winter For three summers they,throughout Ireland and Scotland and
harried,2,51,won the day Thereafter he,south in the land and
harrying,1,70,a great viking and went,west over the Sea Balk
has,2,216,was the greatest battle that,ever been fought in Norway
have,2,408,the forecastle there let him,somewhat to mind him how
he,1,129,a king called Kiarval and,too had five ships They
he,2,26,for the kingdom Before that,was King of the Uplands
he,2,33,King of the Uplands then,went north through the land
he,2,50,ever won the day Thereafter,harried south in the land
he,2,58,in the land and wheresoever,came laid all under him
he,2,66,all under him but when,came to Hordaland swarms of
he,2,107,over the Sea nor was,in that battle though he
he,2,112,he in that battle though,had a kingdom in Hordaland
he,2,384,their ship alongside Onund's and,was in the forepart thereof
he,2,415,to mind him how that,was in this battle Now
he,2,447,aimed at him and as,put the blow from him
he,2,453,put the blow from him,bent backward withal and one
he,2,512,him who is called Thrand,was the son of Biorn
he,2,524,brother of Eyvind the Eastman,was in the fight against
he,2,568,got them away each as,might and sailed west over
he,2,602,after therefore as long as,lived was he called Onund
he,2,605,long as he lived was,called Onund Treefoot 
He,1,63,chiefly about Rogaland and Hordaland,was a great viking and
healed,2,587,and Hallvard Sweeping Onund was,but went with a wooden
heard,2,139,Thorir Longchin and King Kiotvi,thereof they sent men to
help,2,151,them and prayed them for,and promised them honours Then
Helskin,2,96,Rogaland and King Sulki Geirmund,was then in the west
herein,1,85,of Blaeng was with him,and Orm the Wealthy withal
hereof,2,223,been fought in Norway and,most Sagas tell for of
him,1,84,son of Blaeng was with,herein and Orm the Wealthy
him,1,136,had five ships They gave,battle and a hard fray
him,2,63,he came laid all under,but when he came to
him,2,76,of folk came thronging against,and their captains were Kiotvi
him,2,341,might withstand them Thorir defended,very stoutly and fell in
him,2,407,in the forecastle there let,have somewhat to mind him
him,2,412,him have somewhat to mind,how that he was in
him,2,444,a spear was aimed at,and as he put the
him,2,452,he put the blow from,he bent backward withal and
him,2,466,king's forecastle men smote at,and the stroke took his
him,2,483,it off and forthwith made,unmeet for fight Then fell
him,2,507,brought to the ship of,who is called Thrand he
him,2,579,the Sea Onund went with,and Balk and Hallvard Sweeping
his,1,49,Uplander by the kin of,mother but the kin of
his,1,55,mother but the kin of,father dwelt chiefly about Rogaland
his,2,123,Now that autumn Onund and,fellows came from the west
his,2,164,into fellowship with Thorir and,men for they were exceeding
his,2,260,of vikings Now Onund laid,ship alongside one board of
his,2,281,fleet but King Harald laid,on the other board because
his,2,312,Then the king cried on,bearserks for an onslaught and
his,2,351,in all hardihood on board,ship then was it cleared
his,2,471,him and the stroke took,leg below the knee and
his,2,497,of the folk on board,ship but Onund was brought
his,2,557,scattered in flight Thrand and,men with the other vikings
his,2,595,with a wooden leg all,life after therefore as long
honours,2,155,for help and promised them,Then they entered into fellowship
Hordaland,1,62,dwelt chiefly about Rogaland and,He was a great viking
Hordaland,2,69,but when he came to,swarms of folk came thronging
Hordaland,2,117,he had a kingdom in,Now that autumn Onund and
hottest,2,186,be whereas the fight was,Now was the meeting with
how,2,413,have somewhat to mind him,that he was in this
in,1,112,manned and therewith they harried,the South-isles and when they
in,2,8,days were there great troubles,Norway Harald the Unshorn son
in,2,53,day Thereafter he harried south,the land and wheresoever he
in,2,99,Sulki Geirmund Helskin was then,the west over the Sea
in,2,108,the Sea nor was he,that battle though he had
in,2,116,though he had a kingdom,Hordaland Now that autumn Onund
in,2,195,meeting with Harald the King,Rogaland in that firth which
in,2,197,Harald the King in Rogaland,that firth which is called
in,2,220,that has ever been fought,Norway and hereof most Sagas
in,2,346,him very stoutly and fell,all hardihood on board his
in,2,386,alongside Onund's and he was,the forepart thereof and fought
in,2,402,said Lo a forward man,the forecastle there let him
in,2,417,him how that he was,this battle Now Onund put
in,2,526,Eyvind the Eastman he was,the fight against King Harald
in,2,553,part of the fleet scattered,flight Thrand and his men
In,2,1,,those days were there great
into,2,159,them honours Then they entered,fellowship with Thorir and his
Ireland,1,196,three summers they harried throughout,and Scotland and thereafter went
is,2,201,Rogaland in that firth which,called Hafrsfirth and both sides
is,2,230,Sagas tell for of those,ever most told of whom
is,2,509,the ship of him who,called Thrand he was the
it,1,162,fell but the end of,was that the king fled
it,2,355,board his ship then was,cleared from stem to stern
it,2,478,below the knee and sheared,off and forthwith made him
Ivar,1,17,Ufeigh Clubfoot the son of,the Smiter Onund was brother
Kiarval,1,127,found there a king called,and he too had five
kin,1,47,was an Uplander by the,of his mother but the
kin,1,53,of his mother but the,of his father dwelt chiefly
king,1,125,Barra they found there a,called Kiarval and he too
king,1,166,of it was that the,fled with only one ship
king,2,309,on either side Then the,cried on his bearserks for
King,1,37,of Asta the mother of,Olaf the Saint Onund was
King,2,28,kingdom Before that he was,of the Uplands then he
King,2,93,those of South Rogaland and,Sulki Geirmund Helskin was then
King,2,137,and when Thorir Longchin and,Kiotvi heard thereof they sent
King,2,194,the meeting with Harald the,in Rogaland in that firth
King,2,278,midst of the fleet but,Harald laid his on the
King,2,530,was in the fight against,Harald and lay on the
kingdom,2,23,was pushing forth for the,Before that he was King
kingdom,2,115,battle though he had a,in Hordaland Now that autumn
king's,2,376,the other ships Thereafter the,men laid their ship alongside
king's,2,395,and fought manly then the,folk said Lo a forward
king's,2,461,withal and one of the,forecastle men smote at him
Kiotvi,2,81,him and their captains were,the Wealthy and Thorir Longchin
Kiotvi,2,138,when Thorir Longchin and King,heard thereof they sent men
knee,2,475,took his leg below the,and sheared it off and
laid,2,60,land and wheresoever he came,all under him but when
laid,2,259,swarms of vikings Now Onund,his ship alongside one board
laid,2,280,the fleet but King Harald,his on the other board
laid,2,378,ships Thereafter the king's men,their ship alongside Onund's and
land,2,38,he went north through the,and had many battles there
land,2,55,he harried south in the,and wheresoever he came laid
land,2,247,came folk from all the,and many from other lands
lands,2,252,land and many from other,and swarms of vikings Now
lay,2,533,fight against King Harald and,on the other board of
leg,2,472,and the stroke took his,below the knee and sheared
leg,2,593,but went with a wooden,all his life after therefore
let,2,367,cut from the grapplings and,drift astern betwixt the other
let,2,406,man in the forecastle there,him have somewhat to mind
life,2,596,a wooden leg all his,after therefore as long as
lived,2,603,therefore as long as he,was he called Onund Treefoot
Lo,2,398,then the king's folk said,a forward man in the
long,2,600,his life after therefore as,as he lived was he
Longchin,2,86,Kiotvi the Wealthy and Thorir,and those of South Rogaland
Longchin,2,135,the Sea and when Thorir,and King Kiotvi heard thereof
Longchin,2,270,of the ship of Thorir,about the midst of the
made,2,239,of whom the Sagas are,and thereto came folk from
made,2,482,sheared it off and forthwith,him unmeet for fight Then
man,1,4,There was a,named Onund who was the
man,2,401,folk said Lo a forward,in the forecastle there let
man,2,435,dealt a blow at a,and even therewith a spear
manly,2,392,the forepart thereof and fought,then the king's folk said
manned,1,107,had five ships all well,and therewith they harried in
many,1,156,eagerest and on either side,fell but the end of
many,2,41,through the land and had,battles there and ever won
many,2,208,Hafrsfirth and both sides had,men This was the greatest
many,2,249,from all the land and,from other lands and swarms
meet,2,145,thereof they sent men to,them and prayed them for
meeting,2,190,was hottest Now was the,with Harald the King in
men,1,145,hard fray there was The,of Onund were of the
men,1,175,one ship So there the,of Onund took both ships
men,2,143,Kiotvi heard thereof they sent,to meet them and prayed
men,2,165,fellowship with Thorir and his,for they were exceeding fain
men,2,209,and both sides had many,This was the greatest battle
men,2,296,bearserk and the stoutest of,so the fight was of
men,2,377,other ships Thereafter the king's,laid their ship alongside Onund's
men,2,463,one of the king's forecastle,smote at him and the
men,2,558,in flight Thrand and his,with the other vikings got
midst,2,273,of Thorir Longchin about the,of the fleet but King
might,2,336,when they set on nought,withstand them Thorir defended him
might,2,569,them away each as he,and sailed west over the
mind,2,411,let him have somewhat to,him how that he was
more,2,490,for fight Then fell the,part of the folk on
more,2,547,now after these things the,part of the fleet scattered
most,2,224,fought in Norway and hereof,Sagas tell for of those
most,2,232,for of those is ever,told of whom the Sagas
mother,1,26,was brother of Gudbiorg the,of Gudbrand Ball the father
mother,1,35,the father of Asta the,of King Olaf the Saint
mother,1,50,by the kin of his,but the kin of his
much,1,182,Onund took both ships and,wealth and abode there through
name,1,95,withal and Hallvard was the,of the third of them
named,1,5,There was a man,Onund who was the son
no,2,327,Wolf-coats for on them would,steel bite and when they
nor,2,105,the west over the Sea,was he in that battle
north,2,35,the Uplands then he went,through the land and had
Norway,1,203,Scotland and thereafter went to,
Norway,2,9,were there great troubles in,Harald the Unshorn son of
Norway,2,221,has ever been fought in,and hereof most Sagas tell
nought,2,335,and when they set on,might withstand them Thorir defended
now,2,542,board of Onund's ship But,after these things the more
Now,2,118,had a kingdom in Hordaland,that autumn Onund and his
Now,2,187,whereas the fight was hottest,was the meeting with Harald
Now,2,257,lands and swarms of vikings,Onund laid his ship alongside
Now,2,420,he was in this battle,Onund put one foot out
of,1,11,Onund who was the son,Ufeigh Clubfoot the son of
of,1,16,of Ufeigh Clubfoot the son,Ivar the Smiter Onund was
of,1,23,the Smiter Onund was brother,Gudbiorg the mother of Gudbrand
of,1,27,brother of Gudbiorg the mother,Gudbrand Ball the father of
of,1,32,of Gudbrand Ball the father,Asta the mother of King
of,1,36,father of Asta the mother,King Olaf the Saint Onund
of,1,48,an Uplander by the kin,his mother but the kin
of,1,54,his mother but the kin,his father dwelt chiefly about
of,1,76,west over the Sea Balk,Sotanes the son of Blaeng
of,1,80,Balk of Sotanes the son,Blaeng was with him herein
of,1,96,and Hallvard was the name,the third of them They
of,1,99,the name of the third,them They had five ships
of,1,146,fray there was The men,Onund were of the eagerest
of,1,149,The men of Onund were,the eagerest and on either
of,1,161,many fell but the end,it was that the king
of,1,176,ship So there the men,Onund took both ships and
of,2,14,Norway Harald the Unshorn son,Halfdan the Black was pushing
of,2,29,Before that he was King,the Uplands then he went
of,2,71,he came to Hordaland swarms,folk came thronging against him
of,2,89,and Thorir Longchin and those,South Rogaland and King Sulki
of,2,228,hereof most Sagas tell for,those is ever most told
of,2,234,those is ever most told,whom the Sagas are made
of,2,255,from other lands and swarms,vikings Now Onund laid his
of,2,265,his ship alongside one board,the ship of Thorir Longchin
of,2,268,one board of the ship,Thorir Longchin about the midst
of,2,274,Thorir Longchin about the midst,the fleet but King Harald
of,2,295,greatest bearserk and the stoutest,men so the fight was
of,2,301,men so the fight was,the fiercest on either side
of,2,459,bent backward withal and one,the king's forecastle men smote
of,2,492,Then fell the more part,the folk on board his
of,2,506,was brought to the ship,him who is called Thrand
of,2,516,Thrand he was the son,Biorn and brother of Eyvind
of,2,520,son of Biorn and brother,Eyvind the Eastman he was
of,2,538,lay on the other board,Onund's ship But now after
of,2,549,these things the more part,the fleet scattered in flight
off,2,479,the knee and sheared it,and forthwith made him unmeet
Olaf,1,38,Asta the mother of King,the Saint Onund was an
on,1,153,were of the eagerest and,either side many fell but
on,2,282,but King Harald laid his,the other board because Thorir
on,2,304,fight was of the fiercest,either side Then the king
on,2,311,side Then the king cried,his bearserks for an onslaught
on,2,324,were called the Wolf-coats for,them would no steel bite
on,2,334,bite and when they set,nought might withstand them Thorir
on,2,349,and fell in all hardihood,board his ship then was
on,2,495,more part of the folk,board his ship but Onund
on,2,534,against King Harald and lay,the other board of Onund's
one,1,170,the king fled with only,ship So there the men
one,2,263,Onund laid his ship alongside,board of the ship of
one,2,423,this battle Now Onund put,foot out over the bulwark
one,2,458,he bent backward withal and,of the king's forecastle men
only,1,169,that the king fled with,one ship So there the
onslaught,2,316,on his bearserks for an,and they were called the
Onund,1,6,There was a man named,who was the son of
Onund,1,20,son of Ivar the Smiter,was brother of Gudbiorg the
Onund,1,41,of King Olaf the Saint,was an Uplander by the
Onund,1,147,there was The men of,were of the eagerest and
Onund,1,177,So there the men of,took both ships and much
Onund,2,121,in Hordaland Now that autumn,and his fellows came from
Onund,2,258,and swarms of vikings Now,laid his ship alongside one
Onund,2,421,was in this battle Now,put one foot out over
Onund,2,500,on board his ship but,was brought to the ship
Onund,2,576,sailed west over the Sea,went with him and Balk
Onund,2,585,and Balk and Hallvard Sweeping,was healed but went with
Onund,2,607,he lived was he called,Treefoot 
Onund's,2,382,men laid their ship alongside,and he was in the
Onund's,2,539,on the other board of,ship But now after these
Orm,1,87,was with him herein and,the Wealthy withal and Hallvard
other,2,251,the land and many from,lands and swarms of vikings
other,2,284,Harald laid his on the,board because Thorir was the
other,2,372,let drift astern betwixt the,ships Thereafter the king's men
other,2,536,Harald and lay on the,board of Onund's ship But
other,2,561,and his men with the,vikings got them away each
out,2,425,Now Onund put one foot,over the bulwark and dealt
over,1,72,viking and went harrying west,the Sea Balk of Sotanes
over,2,102,was then in the west,the Sea nor was he
over,2,129,fellows came from the west,the Sea and when Thorir
over,2,426,Onund put one foot out,the bulwark and dealt a
over,2,573,he might and sailed west,the Sea Onund went with
part,2,491,fight Then fell the more,of the folk on board
part,2,548,after these things the more,of the fleet scattered in
prayed,2,148,men to meet them and,them for help and promised
promised,2,153,prayed them for help and,them honours Then they entered
pushing,2,19,of Halfdan the Black was,forth for the kingdom Before
put,2,422,in this battle Now Onund,one foot out over the
put,2,448,at him and as he,the blow from him he
Rogaland,1,60,his father dwelt chiefly about,and Hordaland He was a
Rogaland,2,91,Longchin and those of South,and King Sulki Geirmund Helskin
Rogaland,2,196,with Harald the King in,in that firth which is
Sagas,2,225,in Norway and hereof most,tell for of those is
Sagas,2,237,most told of whom the,are made and thereto came
said,2,176,to try their strength and,that there would they be
said,2,397,manly then the king's folk,Lo a forward man in
sailed,2,571,each as he might and,west over the Sea Onund
Saint,1,40,mother of King Olaf the,Onund was an Uplander by
scattered,2,552,more part of the fleet,in flight Thrand and his
Scotland,1,198,they harried throughout Ireland and,and thereafter went to Norway
Sea,1,74,went harrying west over the,Balk of Sotanes the son
Sea,2,104,in the west over the,nor was he in that
Sea,2,131,from the west over the,and when Thorir Longchin and
Sea,2,575,and sailed west over the,Onund went with him and
sent,2,142,King Kiotvi heard thereof they,men to meet them and
set,2,333,steel bite and when they,on nought might withstand them
sheared,2,477,leg below the knee and,it off and forthwith made
ship,1,171,king fled with only one,So there the men of
ship,2,261,vikings Now Onund laid his,alongside one board of the
ship,2,267,alongside one board of the,of Thorir Longchin about the
ship,2,352,all hardihood on board his,then was it cleared from
ship,2,380,the king's men laid their,alongside Onund's and he was
ship,2,498,the folk on board his,but Onund was brought to
ship,2,505,Onund was brought to the,of him who is called
ship,2,540,the other board of Onund's,But now after these things
ships,1,104,of them They had five,all well manned and therewith
ships,1,133,and he too had five,They gave him battle and
ships,1,180,men of Onund took both,and much wealth and abode
ships,2,373,drift astern betwixt the other,Thereafter the king's men laid
side,1,155,the eagerest and on either,many fell but the end
side,2,306,of the fiercest on either,Then the king cried on
sides,2,206,is called Hafrsfirth and both,had many men This was
Smiter,1,19,the son of Ivar the,Onund was brother of Gudbiorg
smote,2,464,of the king's forecastle men,at him and the stroke
so,2,297,and the stoutest of men,the fight was of the
So,1,172,fled with only one ship,there the men of Onund
somewhat,2,409,forecastle there let him have,to mind him how that
son,1,10,named Onund who was the,of Ufeigh Clubfoot the son
son,1,15,son of Ufeigh Clubfoot the,of Ivar the Smiter Onund
son,1,79,Sea Balk of Sotanes the,of Blaeng was with him
son,2,13,in Norway Harald the Unshorn,of Halfdan the Black was
son,2,515,called Thrand he was the,of Biorn and brother of
Sotanes,1,77,over the Sea Balk of,the son of Blaeng was
south,2,52,the day Thereafter he harried,in the land and wheresoever
South,2,90,Thorir Longchin and those of,Rogaland and King Sulki Geirmund
South-isles,1,114,therewith they harried in the,and when they came to
spear,2,440,man and even therewith a,was aimed at him and
steel,2,328,for on them would no,bite and when they set
stem,2,358,then was it cleared from,to stern and cut from
stern,2,360,it cleared from stem to,and cut from the grapplings
stoutest,2,294,the greatest bearserk and the,of men so the fight
stoutly,2,343,them Thorir defended him very,and fell in all hardihood
strength,2,174,exceeding fain to try their,and said that there would
stroke,2,469,smote at him and the,took his leg below the
Sulki,2,94,of South Rogaland and King,Geirmund Helskin was then in
summers,1,192,through the winter For three,they harried throughout Ireland and
swarms,2,70,when he came to Hordaland,of folk came thronging against
swarms,2,254,many from other lands and,of vikings Now Onund laid
Sweeping,2,584,him and Balk and Hallvard,Onund was healed but went
tell,2,226,Norway and hereof most Sagas,for of those is ever
that,1,164,the end of it was,the king fled with only
that,2,25,forth for the kingdom Before,he was King of the
that,2,109,Sea nor was he in,battle though he had a
that,2,119,a kingdom in Hordaland Now,autumn Onund and his fellows
that,2,177,try their strength and said,there would they be whereas
that,2,198,the King in Rogaland in,firth which is called Hafrsfirth
that,2,215,This was the greatest battle,has ever been fought in
that,2,414,somewhat to mind him how,he was in this battle
the,1,9,man named Onund who was,son of Ufeigh Clubfoot the
the,1,14,the son of Ufeigh Clubfoot,son of Ivar the Smiter
the,1,18,Clubfoot the son of Ivar,Smiter Onund was brother of
the,1,25,Onund was brother of Gudbiorg,mother of Gudbrand Ball the
the,1,30,the mother of Gudbrand Ball,father of Asta the mother
the,1,34,Ball the father of Asta,mother of King Olaf the
the,1,39,the mother of King Olaf,Saint Onund was an Uplander
the,1,46,Onund was an Uplander by,kin of his mother but
the,1,52,kin of his mother but,kin of his father dwelt
the,1,73,and went harrying west over,Sea Balk of Sotanes the
the,1,78,the Sea Balk of Sotanes,son of Blaeng was with
the,1,88,with him herein and Orm,Wealthy withal and Hallvard was
the,1,94,Wealthy withal and Hallvard was,name of the third of
the,1,97,Hallvard was the name of,third of them They had
the,1,113,and therewith they harried in,South-isles and when they came
the,1,150,men of Onund were of,eagerest and on either side
the,1,159,either side many fell but,end of it was that
the,1,165,end of it was that,king fled with only one
the,1,174,only one ship So there,men of Onund took both
the,1,188,wealth and abode there through,winter For three summers they
the,2,11,great troubles in Norway Harald,Unshorn son of Halfdan the
the,2,16,the Unshorn son of Halfdan,Black was pushing forth for
the,2,22,Black was pushing forth for,kingdom Before that he was
the,2,30,that he was King of,Uplands then he went north
the,2,37,then he went north through,land and had many battles
the,2,47,battles there and ever won,day Thereafter he harried south
the,2,54,Thereafter he harried south in,land and wheresoever he came
the,2,82,and their captains were Kiotvi,Wealthy and Thorir Longchin and
the,2,100,Geirmund Helskin was then in,west over the Sea nor
the,2,103,then in the west over,Sea nor was he in
the,2,127,and his fellows came from,west over the Sea and
the,2,130,came from the west over,Sea and when Thorir Longchin
the,2,183,there would they be whereas,fight was hottest Now was
the,2,189,fight was hottest Now was,meeting with Harald the King
the,2,193,was the meeting with Harald,King in Rogaland in that
the,2,212,had many men This was,greatest battle that has ever
the,2,236,ever most told of whom,Sagas are made and thereto
the,2,246,thereto came folk from all,land and many from other
the,2,266,ship alongside one board of,ship of Thorir Longchin about
the,2,272,ship of Thorir Longchin about,midst of the fleet but
the,2,275,Longchin about the midst of,fleet but King Harald laid
the,2,283,King Harald laid his on,other board because Thorir was
the,2,289,other board because Thorir was,greatest bearserk and the stoutest
the,2,293,was the greatest bearserk and,stoutest of men so the
the,2,298,the stoutest of men so,fight was of the fiercest
the,2,302,so the fight was of,fiercest on either side Then
the,2,308,fiercest on either side Then,king cried on his bearserks
the,2,321,onslaught and they were called,Wolf-coats for on them would
the,2,364,to stern and cut from,grapplings and let drift astern
the,2,371,and let drift astern betwixt,other ships Thereafter the king's
the,2,375,betwixt the other ships Thereafter,king's men laid their ship
the,2,387,Onund's and he was in,forepart thereof and fought manly
the,2,394,thereof and fought manly then,king's folk said Lo a
the,2,403,Lo a forward man in,forecastle there let him have
the,2,427,put one foot out over,bulwark and dealt a blow
the,2,449,him and as he put,blow from him he bent
the,2,460,backward withal and one of,king's forecastle men smote at
the,2,468,men smote at him and,stroke took his leg below
the,2,474,stroke took his leg below,knee and sheared it off
the,2,489,unmeet for fight Then fell,more part of the folk
the,2,493,fell the more part of,folk on board his ship
the,2,504,but Onund was brought to,ship of him who is
the,2,514,is called Thrand he was,son of Biorn and brother
the,2,522,Biorn and brother of Eyvind,Eastman he was in the
the,2,527,the Eastman he was in,fight against King Harald and
the,2,535,King Harald and lay on,other board of Onund's ship
the,2,546,But now after these things,more part of the fleet
the,2,550,things the more part of,fleet scattered in flight Thrand
the,2,560,Thrand and his men with,other vikings got them away
the,2,574,might and sailed west over,Sea Onund went with him
The,1,144,a hard fray there was,men of Onund were of
their,2,78,came thronging against him and,captains were Kiotvi the Wealthy
their,2,173,were exceeding fain to try,strength and said that there
their,2,379,Thereafter the king's men laid,ship alongside Onund's and he
them,1,100,name of the third of,They had five ships all
them,2,146,they sent men to meet,and prayed them for help
them,2,149,to meet them and prayed,for help and promised them
them,2,154,them for help and promised,honours Then they entered into
them,2,325,called the Wolf-coats for on,would no steel bite and
them,2,338,set on nought might withstand,Thorir defended him very stoutly
them,2,564,with the other vikings got,away each as he might
then,2,32,was King of the Uplands,he went north through the
then,2,98,King Sulki Geirmund Helskin was,in the west over the
then,2,353,hardihood on board his ship,was it cleared from stem
then,2,393,forepart thereof and fought manly,the king's folk said Lo
Then,2,156,help and promised them honours,they entered into fellowship with
Then,2,307,the fiercest on either side,the king cried on his
Then,2,487,made him unmeet for fight,fell the more part of
there,1,123,came to Barra they found,a king called Kiarval and
there,1,142,battle and a hard fray,was The men of Onund
there,1,173,with only one ship So,the men of Onund took
there,1,186,and much wealth and abode,through the winter For three
there,2,5,In those days were,great troubles in Norway Harald
there,2,43,land and had many battles,and ever won the day
there,2,178,their strength and said that,would they be whereas the
there,2,405,forward man in the forecastle,let him have somewhat to
There,1,1,,was a man named Onund
thereafter,1,200,throughout Ireland and Scotland and,went to Norway 
Thereafter,2,49,and ever won the day,he harried south in the
Thereafter,2,374,astern betwixt the other ships,the king's men laid their
therefore,2,598,leg all his life after,as long as he lived
thereof,2,140,Longchin and King Kiotvi heard,they sent men to meet
thereof,2,389,he was in the forepart,and fought manly then the
thereto,2,241,the Sagas are made and,came folk from all the
therewith,1,109,ships all well manned and,they harried in the South-isles
therewith,2,438,at a man and even,a spear was aimed at
these,2,544,Onund's ship But now after,things the more part of
they,1,110,all well manned and therewith,harried in the South-isles and
they,1,117,in the South-isles and when,came to Barra they found
they,1,121,when they came to Barra,found there a king called
they,1,193,the winter For three summers,harried throughout Ireland and Scotland
they,2,141,and King Kiotvi heard thereof,sent men to meet them
they,2,157,and promised them honours Then,entered into fellowship with Thorir
they,2,167,Thorir and his men for,were exceeding fain to try
they,2,180,and said that there would,be whereas the fight was
they,2,318,bearserks for an onslaught and,were called the Wolf-coats for
they,2,332,no steel bite and when,set on nought might withstand
They,1,101,of the third of them,had five ships all well
They,1,134,he too had five ships,gave him battle and a
things,2,545,ship But now after these,the more part of the
third,1,98,was the name of the,of them They had five
this,2,418,how that he was in,battle Now Onund put one
This,2,210,both sides had many men,was the greatest battle that
Thorir,2,85,were Kiotvi the Wealthy and,Longchin and those of South
Thorir,2,134,over the Sea and when,Longchin and King Kiotvi heard
Thorir,2,162,they entered into fellowship with,and his men for they
Thorir,2,269,board of the ship of,Longchin about the midst of
Thorir,2,287,on the other board because,was the greatest bearserk and
Thorir,2,339,on nought might withstand them,defended him very stoutly and
those,2,2,In,days were there great troubles
those,2,88,Wealthy and Thorir Longchin and,of South Rogaland and King
those,2,229,most Sagas tell for of,is ever most told of
though,2,111,was he in that battle,he had a kingdom in
Thrand,2,511,of him who is called,he was the son of
Thrand,2,555,the fleet scattered in flight,and his men with the
three,1,191,there through the winter For,summers they harried throughout Ireland
thronging,2,74,Hordaland swarms of folk came,against him and their captains
through,1,187,much wealth and abode there,the winter For three summers
through,2,36,Uplands then he went north,the land and had many
throughout,1,195,For three summers they harried,Ireland and Scotland and thereafter
to,1,119,South-isles and when they came,Barra they found there a
to,1,202,and Scotland and thereafter went,Norway 
to,2,68,him but when he came,Hordaland swarms of folk came
to,2,144,heard thereof they sent men,meet them and prayed them
to,2,171,for they were exceeding fain,try their strength and said
to,2,359,was it cleared from stem,stern and cut from the
to,2,410,there let him have somewhat,mind him how that he
to,2,503,ship but Onund was brought,the ship of him who
told,2,233,of those is ever most,of whom the Sagas are
too,1,130,king called Kiarval and he,had five ships They gave
took,1,178,there the men of Onund,both ships and much wealth
took,2,470,at him and the stroke,his leg below the knee
Treefoot,2,608,lived was he called Onund,
troubles,2,7,those days were there great,in Norway Harald the Unshorn
try,2,172,they were exceeding fain to,their strength and said that
Ufeigh,1,12,who was the son of,Clubfoot the son of Ivar
under,2,62,wheresoever he came laid all,him but when he came
unmeet,2,484,off and forthwith made him,for fight Then fell the
Unshorn,2,12,troubles in Norway Harald the,son of Halfdan the Black
Uplander,1,44,the Saint Onund was an,by the kin of his
Uplands,2,31,he was King of the,then he went north through
very,2,342,withstand them Thorir defended him,stoutly and fell in all
viking,1,67,Hordaland He was a great,and went harrying west over
vikings,2,256,other lands and swarms of,Now Onund laid his ship
vikings,2,562,his men with the other,got them away each as
was,1,2,There,a man named Onund who
was,1,8,a man named Onund who,the son of Ufeigh Clubfoot
was,1,21,of Ivar the Smiter Onund,brother of Gudbiorg the mother
was,1,42,King Olaf the Saint Onund,an Uplander by the kin
was,1,64,about Rogaland and Hordaland He,a great viking and went
was,1,82,Sotanes the son of Blaeng,with him herein and Orm
was,1,93,the Wealthy withal and Hallvard,the name of the third
was,1,143,and a hard fray there,The men of Onund were
was,1,163,but the end of it,that the king fled with
was,2,18,son of Halfdan the Black,pushing forth for the kingdom
was,2,27,the kingdom Before that he,King of the Uplands then
was,2,97,and King Sulki Geirmund Helskin,then in the west over
was,2,106,west over the Sea nor,he in that battle though
was,2,185,they be whereas the fight,hottest Now was the meeting
was,2,188,the fight was hottest Now,the meeting with Harald the
was,2,211,sides had many men This,the greatest battle that has
was,2,288,the other board because Thorir,the greatest bearserk and the
was,2,300,of men so the fight,of the fiercest on either
was,2,354,on board his ship then,it cleared from stem to
was,2,385,ship alongside Onund's and he,in the forepart thereof and
was,2,416,mind him how that he,in this battle Now Onund
was,2,441,and even therewith a spear,aimed at him and as
was,2,501,board his ship but Onund,brought to the ship of
was,2,513,who is called Thrand he,the son of Biorn and
was,2,525,of Eyvind the Eastman he,in the fight against King
was,2,586,Balk and Hallvard Sweeping Onund,healed but went with a
was,2,604,as long as he lived,he called Onund Treefoot 
wealth,1,183,took both ships and much,and abode there through the
Wealthy,1,89,him herein and Orm the,withal and Hallvard was the
Wealthy,2,83,their captains were Kiotvi the,and Thorir Longchin and those
well,1,106,They had five ships all,manned and therewith they harried
went,1,69,was a great viking and,harrying west over the Sea
went,1,201,Ireland and Scotland and thereafter,to Norway 
went,2,34,of the Uplands then he,north through the land and
went,2,577,west over the Sea Onund,with him and Balk and
went,2,589,Sweeping Onund was healed but,with a wooden leg all
were,1,148,was The men of Onund,of the eagerest and on
were,2,4,In those days,there great troubles in Norway
were,2,80,against him and their captains,Kiotvi the Wealthy and Thorir
were,2,168,and his men for they,exceeding fain to try their
were,2,319,for an onslaught and they,called the Wolf-coats for on
west,1,71,great viking and went harrying,over the Sea Balk of
west,2,101,Helskin was then in the,over the Sea nor was
west,2,128,his fellows came from the,over the Sea and when
west,2,572,as he might and sailed,over the Sea Onund went
when,1,116,harried in the South-isles and,they came to Barra they
when,2,65,laid all under him but,he came to Hordaland swarms
when,2,133,west over the Sea and,Thorir Longchin and King Kiotvi
when,2,331,would no steel bite and,they set on nought might
whereas,2,182,that there would they be,the fight was hottest Now
wheresoever,2,57,south in the land and,he came laid all under
which,2,200,in Rogaland in that firth,is called Hafrsfirth and both
who,1,7,was a man named Onund,was the son of Ufeigh
who,2,508,to the ship of him,is called Thrand he was
whom,2,235,is ever most told of,the Sagas are made and
winter,1,189,and abode there through the,For three summers they harried
with,1,83,the son of Blaeng was,him herein and Orm the
with,1,168,was that the king fled,only one ship So there
with,2,161,Then they entered into fellowship,Thorir and his men for
with,2,191,hottest Now was the meeting,Harald the King in Rogaland
with,2,559,flight Thrand and his men,the other vikings got them
with,2,578,over the Sea Onund went,him and Balk and Hallvard
with,2,590,Onund was healed but went,a wooden leg all his
withal,1,90,herein and Orm the Wealthy,and Hallvard was the name
withal,2,456,from him he bent backward,and one of the king's
withstand,2,337,they set on nought might,them Thorir defended him very
Wolf-coats,2,322,and they were called the,for on them would no
won,2,46,many battles there and ever,the day Thereafter he harried
wooden,2,592,healed but went with a,leg all his life after
would,2,179,strength and said that there,they be whereas the fight
would,2,326,the Wolf-coats for on them,no steel bite and when
