There,1,1,,was a man named Onund
was,1,2,There,a man named Onund who
a,1,3,There was,man named Onund who was
man,1,4,There was a,named Onund who was the
named,1,5,There was a man,Onund who was the son
Onund,1,6,There was a man named,who was the son of
who,1,7,was a man named Onund,was the son of Ufeigh
was,1,8,a man named Onund who,the son of Ufeigh Clubfoot
the,1,9,man named Onund who was,son of Ufeigh Clubfoot the
son,1,10,named Onund who was the,of Ufeigh Clubfoot the son
of,1,11,Onund who was the son,Ufeigh Clubfoot the son of
Ufeigh,1,12,who was the son of,Clubfoot the son of Ivar
Clubfoot,1,13,was the son of Ufeigh,the son of Ivar the
the,1,14,the son of Ufeigh Clubfoot,son of Ivar the Smiter
son,1,15,son of Ufeigh Clubfoot the,of Ivar the Smiter Onund
of,1,16,of Ufeigh Clubfoot the son,Ivar the Smiter Onund was
Ivar,1,17,Ufeigh Clubfoot the son of,the Smiter Onund was brother
the,1,18,Clubfoot the son of Ivar,Smiter Onund was brother of
Smiter,1,19,the son of Ivar the,Onund was brother of Gudbiorg
Onund,1,20,son of Ivar the Smiter,was brother of Gudbiorg the
was,1,21,of Ivar the Smiter Onund,brother of Gudbiorg the mother
brother,1,22,Ivar the Smiter Onund was,of Gudbiorg the mother of
of,1,23,the Smiter Onund was brother,Gudbiorg the mother of Gudbrand
Gudbiorg,1,24,Smiter Onund was brother of,the mother of Gudbrand Ball
the,1,25,Onund was brother of Gudbiorg,mother of Gudbrand Ball the
mother,1,26,was brother of Gudbiorg the,of Gudbrand Ball the father
of,1,27,brother of Gudbiorg the mother,Gudbrand Ball the father of
Gudbrand,1,28,of Gudbiorg the mother of,Ball the father of Asta
Ball,1,29,Gudbiorg the mother of Gudbrand,the father of Asta the
the,1,30,the mother of Gudbrand Ball,father of Asta the mother
father,1,31,mother of Gudbrand Ball the,of Asta the mother of
of,1,32,of Gudbrand Ball the father,Asta the mother of King
Asta,1,33,Gudbrand Ball the father of,the mother of King Olaf
the,1,34,Ball the father of Asta,mother of King Olaf the
mother,1,35,the father of Asta the,of King Olaf the Saint
of,1,36,father of Asta the mother,King Olaf the Saint Onund
King,1,37,of Asta the mother of,Olaf the Saint Onund was
Olaf,1,38,Asta the mother of King,the Saint Onund was an
the,1,39,the mother of King Olaf,Saint Onund was an Uplander
Saint,1,40,mother of King Olaf the,Onund was an Uplander by
Onund,1,41,of King Olaf the Saint,was an Uplander by the
was,1,42,King Olaf the Saint Onund,an Uplander by the kin
an,1,43,Olaf the Saint Onund was,Uplander by the kin of
Uplander,1,44,the Saint Onund was an,by the kin of his
by,1,45,Saint Onund was an Uplander,the kin of his mother
the,1,46,Onund was an Uplander by,kin of his mother but
kin,1,47,was an Uplander by the,of his mother but the
of,1,48,an Uplander by the kin,his mother but the kin
his,1,49,Uplander by the kin of,mother but the kin of
mother,1,50,by the kin of his,but the kin of his
but,1,51,the kin of his mother,the kin of his father
the,1,52,kin of his mother but,kin of his father dwelt
kin,1,53,of his mother but the,of his father dwelt chiefly
of,1,54,his mother but the kin,his father dwelt chiefly about
his,1,55,mother but the kin of,father dwelt chiefly about Rogaland
father,1,56,but the kin of his,dwelt chiefly about Rogaland and
dwelt,1,57,the kin of his father,chiefly about Rogaland and Hordaland
chiefly,1,58,kin of his father dwelt,about Rogaland and Hordaland He
about,1,59,of his father dwelt chiefly,Rogaland and Hordaland He was
Rogaland,1,60,his father dwelt chiefly about,and Hordaland He was a
and,1,61,father dwelt chiefly about Rogaland,Hordaland He was a great
Hordaland,1,62,dwelt chiefly about Rogaland and,He was a great viking
He,1,63,chiefly about Rogaland and Hordaland,was a great viking and
was,1,64,about Rogaland and Hordaland He,a great viking and went
a,1,65,Rogaland and Hordaland He was,great viking and went harrying
great,1,66,and Hordaland He was a,viking and went harrying west
viking,1,67,Hordaland He was a great,and went harrying west over
and,1,68,He was a great viking,went harrying west over the
went,1,69,was a great viking and,harrying west over the Sea
harrying,1,70,a great viking and went,west over the Sea Balk
west,1,71,great viking and went harrying,over the Sea Balk of
over,1,72,viking and went harrying west,the Sea Balk of Sotanes
the,1,73,and went harrying west over,Sea Balk of Sotanes the
Sea,1,74,went harrying west over the,Balk of Sotanes the son
Balk,1,75,harrying west over the Sea,of Sotanes the son of
of,1,76,west over the Sea Balk,Sotanes the son of Blaeng
Sotanes,1,77,over the Sea Balk of,the son of Blaeng was
the,1,78,the Sea Balk of Sotanes,son of Blaeng was with
son,1,79,Sea Balk of Sotanes the,of Blaeng was with him
of,1,80,Balk of Sotanes the son,Blaeng was with him herein
Blaeng,1,81,of Sotanes the son of,was with him herein and
was,1,82,Sotanes the son of Blaeng,with him herein and Orm
with,1,83,the son of Blaeng was,him herein and Orm the
him,1,84,son of Blaeng was with,herein and Orm the Wealthy
herein,1,85,of Blaeng was with him,and Orm the Wealthy withal
and,1,86,Blaeng was with him herein,Orm the Wealthy withal and
Orm,1,87,was with him herein and,the Wealthy withal and Hallvard
the,1,88,with him herein and Orm,Wealthy withal and Hallvard was
Wealthy,1,89,him herein and Orm the,withal and Hallvard was the
withal,1,90,herein and Orm the Wealthy,and Hallvard was the name
and,1,91,and Orm the Wealthy withal,Hallvard was the name of
Hallvard,1,92,Orm the Wealthy withal and,was the name of the
was,1,93,the Wealthy withal and Hallvard,the name of the third
the,1,94,Wealthy withal and Hallvard was,name of the third of
name,1,95,withal and Hallvard was the,of the third of them
of,1,96,and Hallvard was the name,the third of them They
the,1,97,Hallvard was the name of,third of them They had
third,1,98,was the name of the,of them They had five
of,1,99,the name of the third,them They had five ships
them,1,100,name of the third of,They had five ships all
They,1,101,of the third of them,had five ships all well
had,1,102,the third of them They,five ships all well manned
five,1,103,third of them They had,ships all well manned and
ships,1,104,of them They had five,all well manned and therewith
all,1,105,them They had five ships,well manned and therewith they
well,1,106,They had five ships all,manned and therewith they harried
manned,1,107,had five ships all well,and therewith they harried in
and,1,108,five ships all well manned,therewith they harried in the
therewith,1,109,ships all well manned and,they harried in the South-isles
they,1,110,all well manned and therewith,harried in the South-isles and
harried,1,111,well manned and therewith they,in the South-isles and when
in,1,112,manned and therewith they harried,the South-isles and when they
the,1,113,and therewith they harried in,South-isles and when they came
South-isles,1,114,therewith they harried in the,and when they came to
and,1,115,they harried in the South-isles,when they came to Barra
when,1,116,harried in the South-isles and,they came to Barra they
they,1,117,in the South-isles and when,came to Barra they found
came,1,118,the South-isles and when they,to Barra they found there
to,1,119,South-isles and when they came,Barra they found there a
Barra,1,120,and when they came to,they found there a king
they,1,121,when they came to Barra,found there a king called
found,1,122,they came to Barra they,there a king called Kiarval
there,1,123,came to Barra they found,a king called Kiarval and
a,1,124,to Barra they found there,king called Kiarval and he
king,1,125,Barra they found there a,called Kiarval and he too
called,1,126,they found there a king,Kiarval and he too had
Kiarval,1,127,found there a king called,and he too had five
and,1,128,there a king called Kiarval,he too had five ships
he,1,129,a king called Kiarval and,too had five ships They
too,1,130,king called Kiarval and he,had five ships They gave
had,1,131,called Kiarval and he too,five ships They gave him
five,1,132,Kiarval and he too had,ships They gave him battle
ships,1,133,and he too had five,They gave him battle and
They,1,134,he too had five ships,gave him battle and a
gave,1,135,too had five ships They,him battle and a hard
him,1,136,had five ships They gave,battle and a hard fray
battle,1,137,five ships They gave him,and a hard fray there
and,1,138,ships They gave him battle,a hard fray there was
a,1,139,They gave him battle and,hard fray there was The
hard,1,140,gave him battle and a,fray there was The men
fray,1,141,him battle and a hard,there was The men of
there,1,142,battle and a hard fray,was The men of Onund
was,1,143,and a hard fray there,The men of Onund were
The,1,144,a hard fray there was,men of Onund were of
men,1,145,hard fray there was The,of Onund were of the
of,1,146,fray there was The men,Onund were of the eagerest
Onund,1,147,there was The men of,were of the eagerest and
were,1,148,was The men of Onund,of the eagerest and on
of,1,149,The men of Onund were,the eagerest and on either
the,1,150,men of Onund were of,eagerest and on either side
eagerest,1,151,of Onund were of the,and on either side many
and,1,152,Onund were of the eagerest,on either side many fell
on,1,153,were of the eagerest and,either side many fell but
either,1,154,of the eagerest and on,side many fell but the
side,1,155,the eagerest and on either,many fell but the end
many,1,156,eagerest and on either side,fell but the end of
fell,1,157,and on either side many,but the end of it
but,1,158,on either side many fell,the end of it was
the,1,159,either side many fell but,end of it was that
end,1,160,side many fell but the,of it was that the
of,1,161,many fell but the end,it was that the king
it,1,162,fell but the end of,was that the king fled
was,1,163,but the end of it,that the king fled with
that,1,164,the end of it was,the king fled with only
the,1,165,end of it was that,king fled with only one
king,1,166,of it was that the,fled with only one ship
fled,1,167,it was that the king,with only one ship So
with,1,168,was that the king fled,only one ship So there
only,1,169,that the king fled with,one ship So there the
one,1,170,the king fled with only,ship So there the men
ship,1,171,king fled with only one,So there the men of
So,1,172,fled with only one ship,there the men of Onund
there,1,173,with only one ship So,the men of Onund took
the,1,174,only one ship So there,men of Onund took both
men,1,175,one ship So there the,of Onund took both ships
of,1,176,ship So there the men,Onund took both ships and
Onund,1,177,So there the men of,took both ships and much
took,1,178,there the men of Onund,both ships and much wealth
both,1,179,the men of Onund took,ships and much wealth and
ships,1,180,men of Onund took both,and much wealth and abode
and,1,181,of Onund took both ships,much wealth and abode there
much,1,182,Onund took both ships and,wealth and abode there through
wealth,1,183,took both ships and much,and abode there through the
and,1,184,both ships and much wealth,abode there through the winter
abode,1,185,ships and much wealth and,there through the winter For
there,1,186,and much wealth and abode,through the winter For three
through,1,187,much wealth and abode there,the winter For three summers
the,1,188,wealth and abode there through,winter For three summers they
winter,1,189,and abode there through the,For three summers they harried
For,1,190,abode there through the winter,three summers they harried throughout
three,1,191,there through the winter For,summers they harried throughout Ireland
summers,1,192,through the winter For three,they harried throughout Ireland and
they,1,193,the winter For three summers,harried throughout Ireland and Scotland
harried,1,194,winter For three summers they,throughout Ireland and Scotland and
throughout,1,195,For three summers they harried,Ireland and Scotland and thereafter
Ireland,1,196,three summers they harried throughout,and Scotland and thereafter went
and,1,197,summers they harried throughout Ireland,Scotland and thereafter went to
Scotland,1,198,they harried throughout Ireland and,and thereafter went to Norway
and,1,199,harried throughout Ireland and Scotland,thereafter went to Norway 
thereafter,1,200,throughout Ireland and Scotland and,went to Norway 
went,1,201,Ireland and Scotland and thereafter,to Norway 
to,1,202,and Scotland and thereafter went,Norway 
Norway,1,203,Scotland and thereafter went to,
In,2,1,,those days were there great
those,2,2,In,days were there great troubles
days,2,3,In those,were there great troubles in
were,2,4,In those days,there great troubles in Norway
there,2,5,In those days were,great troubles in Norway Harald
great,2,6,In those days were there,troubles in Norway Harald the
troubles,2,7,those days were there great,in Norway Harald the Unshorn
in,2,8,days were there great troubles,Norway Harald the Unshorn son
Norway,2,9,were there great troubles in,Harald the Unshorn son of
Harald,2,10,there great troubles in Norway,the Unshorn son of Halfdan
the,2,11,great troubles in Norway Harald,Unshorn son of Halfdan the
Unshorn,2,12,troubles in Norway Harald the,son of Halfdan the Black
son,2,13,in Norway Harald the Unshorn,of Halfdan the Black was
of,2,14,Norway Harald the Unshorn son,Halfdan the Black was pushing
Halfdan,2,15,Harald the Unshorn son of,the Black was pushing forth
the,2,16,the Unshorn son of Halfdan,Black was pushing forth for
Black,2,17,Unshorn son of Halfdan the,was pushing forth for the
was,2,18,son of Halfdan the Black,pushing forth for the kingdom
pushing,2,19,of Halfdan the Black was,forth for the kingdom Before
forth,2,20,Halfdan the Black was pushing,for the kingdom Before that
for,2,21,the Black was pushing forth,the kingdom Before that he
the,2,22,Black was pushing forth for,kingdom Before that he was
kingdom,2,23,was pushing forth for the,Before that he was King
Before,2,24,pushing forth for the kingdom,that he was King of
that,2,25,forth for the kingdom Before,he was King of the
he,2,26,for the kingdom Before that,was King of the Uplands
was,2,27,the kingdom Before that he,King of the Uplands then
King,2,28,kingdom Before that he was,of the Uplands then he
of,2,29,Before that he was King,the Uplands then he went
the,2,30,that he was King of,Uplands then he went north
Uplands,2,31,he was King of the,then he went north through
then,2,32,was King of the Uplands,he went north through the
he,2,33,King of the Uplands then,went north through the land
went,2,34,of the Uplands then he,north through the land and
north,2,35,the Uplands then he went,through the land and had
through,2,36,Uplands then he went north,the land and had many
the,2,37,then he went north through,land and had many battles
land,2,38,he went north through the,and had many battles there
and,2,39,went north through the land,had many battles there and
had,2,40,north through the land and,many battles there and ever
many,2,41,through the land and had,battles there and ever won
battles,2,42,the land and had many,there and ever won the
there,2,43,land and had many battles,and ever won the day
and,2,44,and had many battles there,ever won the day Thereafter
ever,2,45,had many battles there and,won the day Thereafter he
won,2,46,many battles there and ever,the day Thereafter he harried
the,2,47,battles there and ever won,day Thereafter he harried south
day,2,48,there and ever won the,Thereafter he harried south in
Thereafter,2,49,and ever won the day,he harried south in the
he,2,50,ever won the day Thereafter,harried south in the land
harried,2,51,won the day Thereafter he,south in the land and
south,2,52,the day Thereafter he harried,in the land and wheresoever
in,2,53,day Thereafter he harried south,the land and wheresoever he
the,2,54,Thereafter he harried south in,land and wheresoever he came
land,2,55,he harried south in the,and wheresoever he came laid
and,2,56,harried south in the land,wheresoever he came laid all
wheresoever,2,57,south in the land and,he came laid all under
he,2,58,in the land and wheresoever,came laid all under him
came,2,59,the land and wheresoever he,laid all under him but
laid,2,60,land and wheresoever he came,all under him but when
all,2,61,and wheresoever he came laid,under him but when he
under,2,62,wheresoever he came laid all,him but when he came
him,2,63,he came laid all under,but when he came to
but,2,64,came laid all under him,when he came to Hordaland
when,2,65,laid all under him but,he came to Hordaland swarms
he,2,66,all under him but when,came to Hordaland swarms of
came,2,67,under him but when he,to Hordaland swarms of folk
to,2,68,him but when he came,Hordaland swarms of folk came
Hordaland,2,69,but when he came to,swarms of folk came thronging
swarms,2,70,when he came to Hordaland,of folk came thronging against
of,2,71,he came to Hordaland swarms,folk came thronging against him
folk,2,72,came to Hordaland swarms of,came thronging against him and
came,2,73,to Hordaland swarms of folk,thronging against him and their
thronging,2,74,Hordaland swarms of folk came,against him and their captains
against,2,75,swarms of folk came thronging,him and their captains were
him,2,76,of folk came thronging against,and their captains were Kiotvi
and,2,77,folk came thronging against him,their captains were Kiotvi the
their,2,78,came thronging against him and,captains were Kiotvi the Wealthy
captains,2,79,thronging against him and their,were Kiotvi the Wealthy and
were,2,80,against him and their captains,Kiotvi the Wealthy and Thorir
Kiotvi,2,81,him and their captains were,the Wealthy and Thorir Longchin
the,2,82,and their captains were Kiotvi,Wealthy and Thorir Longchin and
Wealthy,2,83,their captains were Kiotvi the,and Thorir Longchin and those
and,2,84,captains were Kiotvi the Wealthy,Thorir Longchin and those of
Thorir,2,85,were Kiotvi the Wealthy and,Longchin and those of South
Longchin,2,86,Kiotvi the Wealthy and Thorir,and those of South Rogaland
and,2,87,the Wealthy and Thorir Longchin,those of South Rogaland and
those,2,88,Wealthy and Thorir Longchin and,of South Rogaland and King
of,2,89,and Thorir Longchin and those,South Rogaland and King Sulki
South,2,90,Thorir Longchin and those of,Rogaland and King Sulki Geirmund
Rogaland,2,91,Longchin and those of South,and King Sulki Geirmund Helskin
and,2,92,and those of South Rogaland,King Sulki Geirmund Helskin was
King,2,93,those of South Rogaland and,Sulki Geirmund Helskin was then
Sulki,2,94,of South Rogaland and King,Geirmund Helskin was then in
Geirmund,2,95,South Rogaland and King Sulki,Helskin was then in the
Helskin,2,96,Rogaland and King Sulki Geirmund,was then in the west
was,2,97,and King Sulki Geirmund Helskin,then in the west over
then,2,98,King Sulki Geirmund Helskin was,in the west over the
in,2,99,Sulki Geirmund Helskin was then,the west over the Sea
the,2,100,Geirmund Helskin was then in,west over the Sea nor
west,2,101,Helskin was then in the,over the Sea nor was
over,2,102,was then in the west,the Sea nor was he
the,2,103,then in the west over,Sea nor was he in
Sea,2,104,in the west over the,nor was he in that
nor,2,105,the west over the Sea,was he in that battle
was,2,106,west over the Sea nor,he in that battle though
he,2,107,over the Sea nor was,in that battle though he
in,2,108,the Sea nor was he,that battle though he had
that,2,109,Sea nor was he in,battle though he had a
battle,2,110,nor was he in that,though he had a kingdom
though,2,111,was he in that battle,he had a kingdom in
he,2,112,he in that battle though,had a kingdom in Hordaland
had,2,113,in that battle though he,a kingdom in Hordaland Now
a,2,114,that battle though he had,kingdom in Hordaland Now that
kingdom,2,115,battle though he had a,in Hordaland Now that autumn
in,2,116,though he had a kingdom,Hordaland Now that autumn Onund
Hordaland,2,117,he had a kingdom in,Now that autumn Onund and
Now,2,118,had a kingdom in Hordaland,that autumn Onund and his
that,2,119,a kingdom in Hordaland Now,autumn Onund and his fellows
autumn,2,120,kingdom in Hordaland Now that,Onund and his fellows came
Onund,2,121,in Hordaland Now that autumn,and his fellows came from
and,2,122,Hordaland Now that autumn Onund,his fellows came from the
his,2,123,Now that autumn Onund and,fellows came from the west
fellows,2,124,that autumn Onund and his,came from the west over
came,2,125,autumn Onund and his fellows,from the west over the
from,2,126,Onund and his fellows came,the west over the Sea
the,2,127,and his fellows came from,west over the Sea and
west,2,128,his fellows came from the,over the Sea and when
over,2,129,fellows came from the west,the Sea and when Thorir
the,2,130,came from the west over,Sea and when Thorir Longchin
Sea,2,131,from the west over the,and when Thorir Longchin and
and,2,132,the west over the Sea,when Thorir Longchin and King
when,2,133,west over the Sea and,Thorir Longchin and King Kiotvi
Thorir,2,134,over the Sea and when,Longchin and King Kiotvi heard
Longchin,2,135,the Sea and when Thorir,and King Kiotvi heard thereof
and,2,136,Sea and when Thorir Longchin,King Kiotvi heard thereof they
King,2,137,and when Thorir Longchin and,Kiotvi heard thereof they sent
Kiotvi,2,138,when Thorir Longchin and King,heard thereof they sent men
heard,2,139,Thorir Longchin and King Kiotvi,thereof they sent men to
thereof,2,140,Longchin and King Kiotvi heard,they sent men to meet
they,2,141,and King Kiotvi heard thereof,sent men to meet them
sent,2,142,King Kiotvi heard thereof they,men to meet them and
men,2,143,Kiotvi heard thereof they sent,to meet them and prayed
to,2,144,heard thereof they sent men,meet them and prayed them
meet,2,145,thereof they sent men to,them and prayed them for
them,2,146,they sent men to meet,and prayed them for help
and,2,147,sent men to meet them,prayed them for help and
prayed,2,148,men to meet them and,them for help and promised
them,2,149,to meet them and prayed,for help and promised them
for,2,150,meet them and prayed them,help and promised them honours
help,2,151,them and prayed them for,and promised them honours Then
and,2,152,and prayed them for help,promised them honours Then they
promised,2,153,prayed them for help and,them honours Then they entered
them,2,154,them for help and promised,honours Then they entered into
honours,2,155,for help and promised them,Then they entered into fellowship
Then,2,156,help and promised them honours,they entered into fellowship with
they,2,157,and promised them honours Then,entered into fellowship with Thorir
entered,2,158,promised them honours Then they,into fellowship with Thorir and
into,2,159,them honours Then they entered,fellowship with Thorir and his
fellowship,2,160,honours Then they entered into,with Thorir and his men
with,2,161,Then they entered into fellowship,Thorir and his men for
Thorir,2,162,they entered into fellowship with,and his men for they
and,2,163,entered into fellowship with Thorir,his men for they were
his,2,164,into fellowship with Thorir and,men for they were exceeding
men,2,165,fellowship with Thorir and his,for they were exceeding fain
for,2,166,with Thorir and his men,they were exceeding fain to
they,2,167,Thorir and his men for,were exceeding fain to try
were,2,168,and his men for they,exceeding fain to try their
exceeding,2,169,his men for they were,fain to try their strength
fain,2,170,men for they were exceeding,to try their strength and
to,2,171,for they were exceeding fain,try their strength and said
try,2,172,they were exceeding fain to,their strength and said that
their,2,173,were exceeding fain to try,strength and said that there
strength,2,174,exceeding fain to try their,and said that there would
and,2,175,fain to try their strength,said that there would they
said,2,176,to try their strength and,that there would they be
that,2,177,try their strength and said,there would they be whereas
there,2,178,their strength and said that,would they be whereas the
would,2,179,strength and said that there,they be whereas the fight
they,2,180,and said that there would,be whereas the fight was
be,2,181,said that there would they,whereas the fight was hottest
whereas,2,182,that there would they be,the fight was hottest Now
the,2,183,there would they be whereas,fight was hottest Now was
fight,2,184,would they be whereas the,was hottest Now was the
was,2,185,they be whereas the fight,hottest Now was the meeting
hottest,2,186,be whereas the fight was,Now was the meeting with
Now,2,187,whereas the fight was hottest,was the meeting with Harald
was,2,188,the fight was hottest Now,the meeting with Harald the
the,2,189,fight was hottest Now was,meeting with Harald the King
meeting,2,190,was hottest Now was the,with Harald the King in
with,2,191,hottest Now was the meeting,Harald the King in Rogaland
Harald,2,192,Now was the meeting with,the King in Rogaland in
the,2,193,was the meeting with Harald,King in Rogaland in that
King,2,194,the meeting with Harald the,in Rogaland in that firth
in,2,195,meeting with Harald the King,Rogaland in that firth which
Rogaland,2,196,with Harald the King in,in that firth which is
in,2,197,Harald the King in Rogaland,that firth which is called
that,2,198,the King in Rogaland in,firth which is called Hafrsfirth
firth,2,199,King in Rogaland in that,which is called Hafrsfirth and
which,2,200,in Rogaland in that firth,is called Hafrsfirth and both
is,2,201,Rogaland in that firth which,called Hafrsfirth and both sides
called,2,202,in that firth which is,Hafrsfirth and both sides had
Hafrsfirth,2,203,that firth which is called,and both sides had many
and,2,204,firth which is called Hafrsfirth,both sides had many men
both,2,205,which is called Hafrsfirth and,sides had many men This
sides,2,206,is called Hafrsfirth and both,had many men This was
had,2,207,called Hafrsfirth and both sides,many men This was the
many,2,208,Hafrsfirth and both sides had,men This was the greatest
men,2,209,and both sides had many,This was the greatest battle
This,2,210,both sides had many men,was the greatest battle that
was,2,211,sides had many men This,the greatest battle that has
the,2,212,had many men This was,greatest battle that has ever
greatest,2,213,many men This was the,battle that has ever been
battle,2,214,men This was the greatest,that has ever been fought
that,2,215,This was the greatest battle,has ever been fought in
has,2,216,was the greatest battle that,ever been fought in Norway
ever,2,217,the greatest battle that has,been fought in Norway and
been,2,218,greatest battle that has ever,fought in Norway and hereof
fought,2,219,battle that has ever been,in Norway and hereof most
in,2,220,that has ever been fought,Norway and hereof most Sagas
Norway,2,221,has ever been fought in,and hereof most Sagas tell
and,2,222,ever been fought in Norway,hereof most Sagas tell for
hereof,2,223,been fought in Norway and,most Sagas tell for of
most,2,224,fought in Norway and hereof,Sagas tell for of those
Sagas,2,225,in Norway and hereof most,tell for of those is
tell,2,226,Norway and hereof most Sagas,for of those is ever
for,2,227,and hereof most Sagas tell,of those is ever most
of,2,228,hereof most Sagas tell for,those is ever most told
those,2,229,most Sagas tell for of,is ever most told of
is,2,230,Sagas tell for of those,ever most told of whom
ever,2,231,tell for of those is,most told of whom the
most,2,232,for of those is ever,told of whom the Sagas
told,2,233,of those is ever most,of whom the Sagas are
of,2,234,those is ever most told,whom the Sagas are made
whom,2,235,is ever most told of,the Sagas are made and
the,2,236,ever most told of whom,Sagas are made and thereto
Sagas,2,237,most told of whom the,are made and thereto came
are,2,238,told of whom the Sagas,made and thereto came folk
made,2,239,of whom the Sagas are,and thereto came folk from
and,2,240,whom the Sagas are made,thereto came folk from all
thereto,2,241,the Sagas are made and,came folk from all the
came,2,242,Sagas are made and thereto,folk from all the land
folk,2,243,are made and thereto came,from all the land and
from,2,244,made and thereto came folk,all the land and many
all,2,245,and thereto came folk from,the land and many from
the,2,246,thereto came folk from all,land and many from other
land,2,247,came folk from all the,and many from other lands
and,2,248,folk from all the land,many from other lands and
many,2,249,from all the land and,from other lands and swarms
from,2,250,all the land and many,other lands and swarms of
other,2,251,the land and many from,lands and swarms of vikings
lands,2,252,land and many from other,and swarms of vikings Now
and,2,253,and many from other lands,swarms of vikings Now Onund
swarms,2,254,many from other lands and,of vikings Now Onund laid
of,2,255,from other lands and swarms,vikings Now Onund laid his
vikings,2,256,other lands and swarms of,Now Onund laid his ship
Now,2,257,lands and swarms of vikings,Onund laid his ship alongside
Onund,2,258,and swarms of vikings Now,laid his ship alongside one
laid,2,259,swarms of vikings Now Onund,his ship alongside one board
his,2,260,of vikings Now Onund laid,ship alongside one board of
ship,2,261,vikings Now Onund laid his,alongside one board of the
alongside,2,262,Now Onund laid his ship,one board of the ship
one,2,263,Onund laid his ship alongside,board of the ship of
board,2,264,laid his ship alongside one,of the ship of Thorir
of,2,265,his ship alongside one board,the ship of Thorir Longchin
the,2,266,ship alongside one board of,ship of Thorir Longchin about
ship,2,267,alongside one board of the,of Thorir Longchin about the
of,2,268,one board of the ship,Thorir Longchin about the midst
Thorir,2,269,board of the ship of,Longchin about the midst of
Longchin,2,270,of the ship of Thorir,about the midst of the
about,2,271,the ship of Thorir Longchin,the midst of the fleet
the,2,272,ship of Thorir Longchin about,midst of the fleet but
midst,2,273,of Thorir Longchin about the,of the fleet but King
of,2,274,Thorir Longchin about the midst,the fleet but King Harald
the,2,275,Longchin about the midst of,fleet but King Harald laid
fleet,2,276,about the midst of the,but King Harald laid his
but,2,277,the midst of the fleet,King Harald laid his on
King,2,278,midst of the fleet but,Harald laid his on the
Harald,2,279,of the fleet but King,laid his on the other
laid,2,280,the fleet but King Harald,his on the other board
his,2,281,fleet but King Harald laid,on the other board because
on,2,282,but King Harald laid his,the other board because Thorir
the,2,283,King Harald laid his on,other board because Thorir was
other,2,284,Harald laid his on the,board because Thorir was the
board,2,285,laid his on the other,because Thorir was the greatest
because,2,286,his on the other board,Thorir was the greatest bearserk
Thorir,2,287,on the other board because,was the greatest bearserk and
was,2,288,the other board because Thorir,the greatest bearserk and the
the,2,289,other board because Thorir was,greatest bearserk and the stoutest
greatest,2,290,board because Thorir was the,bearserk and the stoutest of
bearserk,2,291,because Thorir was the greatest,and the stoutest of men
and,2,292,Thorir was the greatest bearserk,the stoutest of men so
the,2,293,was the greatest bearserk and,stoutest of men so the
stoutest,2,294,the greatest bearserk and the,of men so the fight
of,2,295,greatest bearserk and the stoutest,men so the fight was
men,2,296,bearserk and the stoutest of,so the fight was of
so,2,297,and the stoutest of men,the fight was of the
the,2,298,the stoutest of men so,fight was of the fiercest
fight,2,299,stoutest of men so the,was of the fiercest on
was,2,300,of men so the fight,of the fiercest on either
of,2,301,men so the fight was,the fiercest on either side
the,2,302,so the fight was of,fiercest on either side Then
fiercest,2,303,the fight was of the,on either side Then the
on,2,304,fight was of the fiercest,either side Then the king
either,2,305,was of the fiercest on,side Then the king cried
side,2,306,of the fiercest on either,Then the king cried on
Then,2,307,the fiercest on either side,the king cried on his
the,2,308,fiercest on either side Then,king cried on his bearserks
king,2,309,on either side Then the,cried on his bearserks for
cried,2,310,either side Then the king,on his bearserks for an
on,2,311,side Then the king cried,his bearserks for an onslaught
his,2,312,Then the king cried on,bearserks for an onslaught and
bearserks,2,313,the king cried on his,for an onslaught and they
for,2,314,king cried on his bearserks,an onslaught and they were
an,2,315,cried on his bearserks for,onslaught and they were called
onslaught,2,316,on his bearserks for an,and they were called the
and,2,317,his bearserks for an onslaught,they were called the Wolf-coats
they,2,318,bearserks for an onslaught and,were called the Wolf-coats for
were,2,319,for an onslaught and they,called the Wolf-coats for on
called,2,320,an onslaught and they were,the Wolf-coats for on them
the,2,321,onslaught and they were called,Wolf-coats for on them would
Wolf-coats,2,322,and they were called the,for on them would no
for,2,323,they were called the Wolf-coats,on them would no steel
on,2,324,were called the Wolf-coats for,them would no steel bite
them,2,325,called the Wolf-coats for on,would no steel bite and
would,2,326,the Wolf-coats for on them,no steel bite and when
no,2,327,Wolf-coats for on them would,steel bite and when they
steel,2,328,for on them would no,bite and when they set
bite,2,329,on them would no steel,and when they set on
and,2,330,them would no steel bite,when they set on nought
when,2,331,would no steel bite and,they set on nought might
they,2,332,no steel bite and when,set on nought might withstand
set,2,333,steel bite and when they,on nought might withstand them
on,2,334,bite and when they set,nought might withstand them Thorir
nought,2,335,and when they set on,might withstand them Thorir defended
might,2,336,when they set on nought,withstand them Thorir defended him
withstand,2,337,they set on nought might,them Thorir defended him very
them,2,338,set on nought might withstand,Thorir defended him very stoutly
Thorir,2,339,on nought might withstand them,defended him very stoutly and
defended,2,340,nought might withstand them Thorir,him very stoutly and fell
him,2,341,might withstand them Thorir defended,very stoutly and fell in
very,2,342,withstand them Thorir defended him,stoutly and fell in all
stoutly,2,343,them Thorir defended him very,and fell in all hardihood
and,2,344,Thorir defended him very stoutly,fell in all hardihood on
fell,2,345,defended him very stoutly and,in all hardihood on board
in,2,346,him very stoutly and fell,all hardihood on board his
all,2,347,very stoutly and fell in,hardihood on board his ship
hardihood,2,348,stoutly and fell in all,on board his ship then
on,2,349,and fell in all hardihood,board his ship then was
board,2,350,fell in all hardihood on,his ship then was it
his,2,351,in all hardihood on board,ship then was it cleared
ship,2,352,all hardihood on board his,then was it cleared from
then,2,353,hardihood on board his ship,was it cleared from stem
was,2,354,on board his ship then,it cleared from stem to
it,2,355,board his ship then was,cleared from stem to stern
cleared,2,356,his ship then was it,from stem to stern and
from,2,357,ship then was it cleared,stem to stern and cut
stem,2,358,then was it cleared from,to stern and cut from
to,2,359,was it cleared from stem,stern and cut from the
stern,2,360,it cleared from stem to,and cut from the grapplings
and,2,361,cleared from stem to stern,cut from the grapplings and
cut,2,362,from stem to stern and,from the grapplings and let
from,2,363,stem to stern and cut,the grapplings and let drift
the,2,364,to stern and cut from,grapplings and let drift astern
grapplings,2,365,stern and cut from the,and let drift astern betwixt
and,2,366,and cut from the grapplings,let drift astern betwixt the
let,2,367,cut from the grapplings and,drift astern betwixt the other
drift,2,368,from the grapplings and let,astern betwixt the other ships
astern,2,369,the grapplings and let drift,betwixt the other ships Thereafter
betwixt,2,370,grapplings and let drift astern,the other ships Thereafter the
the,2,371,and let drift astern betwixt,other ships Thereafter the king's
other,2,372,let drift astern betwixt the,ships Thereafter the king's men
ships,2,373,drift astern betwixt the other,Thereafter the king's men laid
Thereafter,2,374,astern betwixt the other ships,the king's men laid their
the,2,375,betwixt the other ships Thereafter,king's men laid their ship
king's,2,376,the other ships Thereafter the,men laid their ship alongside
men,2,377,other ships Thereafter the king's,laid their ship alongside Onund's
laid,2,378,ships Thereafter the king's men,their ship alongside Onund's and
their,2,379,Thereafter the king's men laid,ship alongside Onund's and he
ship,2,380,the king's men laid their,alongside Onund's and he was
alongside,2,381,king's men laid their ship,Onund's and he was in
Onund's,2,382,men laid their ship alongside,and he was in the
and,2,383,laid their ship alongside Onund's,he was in the forepart
he,2,384,their ship alongside Onund's and,was in the forepart thereof
was,2,385,ship alongside Onund's and he,in the forepart thereof and
in,2,386,alongside Onund's and he was,the forepart thereof and fought
the,2,387,Onund's and he was in,forepart thereof and fought manly
forepart,2,388,and he was in the,thereof and fought manly then
thereof,2,389,he was in the forepart,and fought manly then the
and,2,390,was in the forepart thereof,fought manly then the king's
fought,2,391,in the forepart thereof and,manly then the king's folk
manly,2,392,the forepart thereof and fought,then the king's folk said
then,2,393,forepart thereof and fought manly,the king's folk said Lo
the,2,394,thereof and fought manly then,king's folk said Lo a
king's,2,395,and fought manly then the,folk said Lo a forward
folk,2,396,fought manly then the king's,said Lo a forward man
said,2,397,manly then the king's folk,Lo a forward man in
Lo,2,398,then the king's folk said,a forward man in the
a,2,399,the king's folk said Lo,forward man in the forecastle
forward,2,400,king's folk said Lo a,man in the forecastle there
man,2,401,folk said Lo a forward,in the forecastle there let
in,2,402,said Lo a forward man,the forecastle there let him
the,2,403,Lo a forward man in,forecastle there let him have
forecastle,2,404,a forward man in the,there let him have somewhat
there,2,405,forward man in the forecastle,let him have somewhat to
let,2,406,man in the forecastle there,him have somewhat to mind
him,2,407,in the forecastle there let,have somewhat to mind him
have,2,408,the forecastle there let him,somewhat to mind him how
somewhat,2,409,forecastle there let him have,to mind him how that
to,2,410,there let him have somewhat,mind him how that he
mind,2,411,let him have somewhat to,him how that he was
him,2,412,him have somewhat to mind,how that he was in
how,2,413,have somewhat to mind him,that he was in this
that,2,414,somewhat to mind him how,he was in this battle
he,2,415,to mind him how that,was in this battle Now
was,2,416,mind him how that he,in this battle Now Onund
in,2,417,him how that he was,this battle Now Onund put
this,2,418,how that he was in,battle Now Onund put one
battle,2,419,that he was in this,Now Onund put one foot
Now,2,420,he was in this battle,Onund put one foot out
Onund,2,421,was in this battle Now,put one foot out over
put,2,422,in this battle Now Onund,one foot out over the
one,2,423,this battle Now Onund put,foot out over the bulwark
foot,2,424,battle Now Onund put one,out over the bulwark and
out,2,425,Now Onund put one foot,over the bulwark and dealt
over,2,426,Onund put one foot out,the bulwark and dealt a
the,2,427,put one foot out over,bulwark and dealt a blow
bulwark,2,428,one foot out over the,and dealt a blow at
and,2,429,foot out over the bulwark,dealt a blow at a
dealt,2,430,out over the bulwark and,a blow at a man
a,2,431,over the bulwark and dealt,blow at a man and
blow,2,432,the bulwark and dealt a,at a man and even
at,2,433,bulwark and dealt a blow,a man and even therewith
a,2,434,and dealt a blow at,man and even therewith a
man,2,435,dealt a blow at a,and even therewith a spear
and,2,436,a blow at a man,even therewith a spear was
even,2,437,blow at a man and,therewith a spear was aimed
therewith,2,438,at a man and even,a spear was aimed at
a,2,439,a man and even therewith,spear was aimed at him
spear,2,440,man and even therewith a,was aimed at him and
was,2,441,and even therewith a spear,aimed at him and as
aimed,2,442,even therewith a spear was,at him and as he
at,2,443,therewith a spear was aimed,him and as he put
him,2,444,a spear was aimed at,and as he put the
and,2,445,spear was aimed at him,as he put the blow
as,2,446,was aimed at him and,he put the blow from
he,2,447,aimed at him and as,put the blow from him
put,2,448,at him and as he,the blow from him he
the,2,449,him and as he put,blow from him he bent
blow,2,450,and as he put the,from him he bent backward
from,2,451,as he put the blow,him he bent backward withal
him,2,452,he put the blow from,he bent backward withal and
he,2,453,put the blow from him,bent backward withal and one
bent,2,454,the blow from him he,backward withal and one of
backward,2,455,blow from him he bent,withal and one of the
withal,2,456,from him he bent backward,and one of the king's
and,2,457,him he bent backward withal,one of the king's forecastle
one,2,458,he bent backward withal and,of the king's forecastle men
of,2,459,bent backward withal and one,the king's forecastle men smote
the,2,460,backward withal and one of,king's forecastle men smote at
king's,2,461,withal and one of the,forecastle men smote at him
forecastle,2,462,and one of the king's,men smote at him and
men,2,463,one of the king's forecastle,smote at him and the
smote,2,464,of the king's forecastle men,at him and the stroke
at,2,465,the king's forecastle men smote,him and the stroke took
him,2,466,king's forecastle men smote at,and the stroke took his
and,2,467,forecastle men smote at him,the stroke took his leg
the,2,468,men smote at him and,stroke took his leg below
stroke,2,469,smote at him and the,took his leg below the
took,2,470,at him and the stroke,his leg below the knee
his,2,471,him and the stroke took,leg below the knee and
leg,2,472,and the stroke took his,below the knee and sheared
below,2,473,the stroke took his leg,the knee and sheared it
the,2,474,stroke took his leg below,knee and sheared it off
knee,2,475,took his leg below the,and sheared it off and
and,2,476,his leg below the knee,sheared it off and forthwith
sheared,2,477,leg below the knee and,it off and forthwith made
it,2,478,below the knee and sheared,off and forthwith made him
off,2,479,the knee and sheared it,and forthwith made him unmeet
and,2,480,knee and sheared it off,forthwith made him unmeet for
forthwith,2,481,and sheared it off and,made him unmeet for fight
made,2,482,sheared it off and forthwith,him unmeet for fight Then
him,2,483,it off and forthwith made,unmeet for fight Then fell
unmeet,2,484,off and forthwith made him,for fight Then fell the
for,2,485,and forthwith made him unmeet,fight Then fell the more
fight,2,486,forthwith made him unmeet for,Then fell the more part
Then,2,487,made him unmeet for fight,fell the more part of
fell,2,488,him unmeet for fight Then,the more part of the
the,2,489,unmeet for fight Then fell,more part of the folk
more,2,490,for fight Then fell the,part of the folk on
part,2,491,fight Then fell the more,of the folk on board
of,2,492,Then fell the more part,the folk on board his
the,2,493,fell the more part of,folk on board his ship
folk,2,494,the more part of the,on board his ship but
on,2,495,more part of the folk,board his ship but Onund
board,2,496,part of the folk on,his ship but Onund was
his,2,497,of the folk on board,ship but Onund was brought
ship,2,498,the folk on board his,but Onund was brought to
but,2,499,folk on board his ship,Onund was brought to the
Onund,2,500,on board his ship but,was brought to the ship
was,2,501,board his ship but Onund,brought to the ship of
brought,2,502,his ship but Onund was,to the ship of him
to,2,503,ship but Onund was brought,the ship of him who
the,2,504,but Onund was brought to,ship of him who is
ship,2,505,Onund was brought to the,of him who is called
of,2,506,was brought to the ship,him who is called Thrand
him,2,507,brought to the ship of,who is called Thrand he
who,2,508,to the ship of him,is called Thrand he was
is,2,509,the ship of him who,called Thrand he was the
called,2,510,ship of him who is,Thrand he was the son
Thrand,2,511,of him who is called,he was the son of
he,2,512,him who is called Thrand,was the son of Biorn
was,2,513,who is called Thrand he,the son of Biorn and
the,2,514,is called Thrand he was,son of Biorn and brother
son,2,515,called Thrand he was the,of Biorn and brother of
of,2,516,Thrand he was the son,Biorn and brother of Eyvind
Biorn,2,517,he was the son of,and brother of Eyvind the
and,2,518,was the son of Biorn,brother of Eyvind the Eastman
brother,2,519,the son of Biorn and,of Eyvind the Eastman he
of,2,520,son of Biorn and brother,Eyvind the Eastman he was
Eyvind,2,521,of Biorn and brother of,the Eastman he was in
the,2,522,Biorn and brother of Eyvind,Eastman he was in the
Eastman,2,523,and brother of Eyvind the,he was in the fight
he,2,524,brother of Eyvind the Eastman,was in the fight against
was,2,525,of Eyvind the Eastman he,in the fight against King
in,2,526,Eyvind the Eastman he was,the fight against King Harald
the,2,527,the Eastman he was in,fight against King Harald and
fight,2,528,Eastman he was in the,against King Harald and lay
against,2,529,he was in the fight,King Harald and lay on
King,2,530,was in the fight against,Harald and lay on the
Harald,2,531,in the fight against King,and lay on the other
and,2,532,the fight against King Harald,lay on the other board
lay,2,533,fight against King Harald and,on the other board of
on,2,534,against King Harald and lay,the other board of Onund's
the,2,535,King Harald and lay on,other board of Onund's ship
other,2,536,Harald and lay on the,board of Onund's ship But
board,2,537,and lay on the other,of Onund's ship But now
of,2,538,lay on the other board,Onund's ship But now after
Onund's,2,539,on the other board of,ship But now after these
ship,2,540,the other board of Onund's,But now after these things
But,2,541,other board of Onund's ship,now after these things the
now,2,542,board of Onund's ship But,after these things the more
after,2,543,of Onund's ship But now,these things the more part
these,2,544,Onund's ship But now after,things the more part of
things,2,545,ship But now after these,the more part of the
the,2,546,But now after these things,more part of the fleet
more,2,547,now after these things the,part of the fleet scattered
part,2,548,after these things the more,of the fleet scattered in
of,2,549,these things the more part,the fleet scattered in flight
the,2,550,things the more part of,fleet scattered in flight Thrand
fleet,2,551,the more part of the,scattered in flight Thrand and
scattered,2,552,more part of the fleet,in flight Thrand and his
in,2,553,part of the fleet scattered,flight Thrand and his men
flight,2,554,of the fleet scattered in,Thrand and his men with
Thrand,2,555,the fleet scattered in flight,and his men with the
and,2,556,fleet scattered in flight Thrand,his men with the other
his,2,557,scattered in flight Thrand and,men with the other vikings
men,2,558,in flight Thrand and his,with the other vikings got
with,2,559,flight Thrand and his men,the other vikings got them
the,2,560,Thrand and his men with,other vikings got them away
other,2,561,and his men with the,vikings got them away each
vikings,2,562,his men with the other,got them away each as
got,2,563,men with the other vikings,them away each as he
them,2,564,with the other vikings got,away each as he might
away,2,565,the other vikings got them,each as he might and
each,2,566,other vikings got them away,as he might and sailed
as,2,567,vikings got them away each,he might and sailed west
he,2,568,got them away each as,might and sailed west over
might,2,569,them away each as he,and sailed west over the
and,2,570,away each as he might,sailed west over the Sea
sailed,2,571,each as he might and,west over the Sea Onund
west,2,572,as he might and sailed,over the Sea Onund went
over,2,573,he might and sailed west,the Sea Onund went with
the,2,574,might and sailed west over,Sea Onund went with him
Sea,2,575,and sailed west over the,Onund went with him and
Onund,2,576,sailed west over the Sea,went with him and Balk
went,2,577,west over the Sea Onund,with him and Balk and
with,2,578,over the Sea Onund went,him and Balk and Hallvard
him,2,579,the Sea Onund went with,and Balk and Hallvard Sweeping
and,2,580,Sea Onund went with him,Balk and Hallvard Sweeping Onund
Balk,2,581,Onund went with him and,and Hallvard Sweeping Onund was
and,2,582,went with him and Balk,Hallvard Sweeping Onund was healed
Hallvard,2,583,with him and Balk and,Sweeping Onund was healed but
Sweeping,2,584,him and Balk and Hallvard,Onund was healed but went
Onund,2,585,and Balk and Hallvard Sweeping,was healed but went with
was,2,586,Balk and Hallvard Sweeping Onund,healed but went with a
healed,2,587,and Hallvard Sweeping Onund was,but went with a wooden
but,2,588,Hallvard Sweeping Onund was healed,went with a wooden leg
went,2,589,Sweeping Onund was healed but,with a wooden leg all
with,2,590,Onund was healed but went,a wooden leg all his
a,2,591,was healed but went with,wooden leg all his life
wooden,2,592,healed but went with a,leg all his life after
leg,2,593,but went with a wooden,all his life after therefore
all,2,594,went with a wooden leg,his life after therefore as
his,2,595,with a wooden leg all,life after therefore as long
life,2,596,a wooden leg all his,after therefore as long as
after,2,597,wooden leg all his life,therefore as long as he
therefore,2,598,leg all his life after,as long as he lived
as,2,599,all his life after therefore,long as he lived was
long,2,600,his life after therefore as,as he lived was he
as,2,601,life after therefore as long,he lived was he called
he,2,602,after therefore as long as,lived was he called Onund
lived,2,603,therefore as long as he,was he called Onund Treefoot
was,2,604,as long as he lived,he called Onund Treefoot 
he,2,605,long as he lived was,called Onund Treefoot 
called,2,606,as he lived was he,Onund Treefoot 
Onund,2,607,he lived was he called,Treefoot 
Treefoot,2,608,lived was he called Onund,
